<?xml version="1.0" encoding="utf-8"?>
<course>
<computerscience>
<studentname>samir Thorat </studentname>
<classname>TYBCA. </classname>
<percentage>60 </percennatage>
</computerscience>

<computerscience>
<studentname>sunil kamble </studentname>
<classname>TYBCA. </classname>
<percentage>55 </percennatage>
</computerscience>

<computerscience>
<studentname>anil kamble </studentname>
<classname>TYBCA. </classname>
<percentage>60 </percennatage>
</computerscience>

<computerscience>
<studentname>asha kamble </studentname>
<classname>TYBCA. </classname>
<percentage>65 </percennatage>
</computerscience>

<computerscience>
<studentname>madhuri </studentname>
<classname>TYBCA. </classname>
<percentage>70 </percennatage>
</computerscience>
</course>

