<?xml version="1.0" encoding="utf-8"?>
<?xml-stylesheet type="text/css" href="course.css"?>
<course>
<computerscience>
<studentname>Amir Khan </studentname>
<classname>TYBCA. </classname>
<percentage>60 </percennatage>
</computerscience>

<computerscience>
<studentname>drop Top </studentname>
<classname>TYBCA. </classname>
<percentage>60 </percennatage>
</computerscience>

<computerscience>
<studentname>Asha Kamble </studentname>
<classname>TYBCA. </classname>
<percentage>65 </percennatage>
</computerscience>

<computerscience>
<studentname>madhuri Issa </studentname>
<classname>TYBCA. </classname>
<percentage>70 </percennatage>
</computerscience>
</course>

<computerscience>
<studentname>Huracan Trofeo </studentname>
<classname>TYBCA. </classname>
<percentage>99 </percennatage>
</computerscience>
</course>
